date,close,change%
2020-12-22,3687.26001,-0.293
2020-12-21,3694.919922,0.289
2020-12-18,3709.409912,-0.349
2020-12-17,3722.47998,0.238
2020-12-16,3701.169922,0.133
2020-12-15,3694.620117,0.769
2020-12-14,3647.48999,-0.756
2020-12-11,3663.459961,0.202
2020-12-10,3668.100098,0.245
2020-12-09,3672.820068,-0.895
2020-12-08,3702.25,0.521
2020-12-07,3691.959961,-0.075
2020-12-04,3699.120117,0.768
2020-12-03,3666.719971,-0.043
2020-12-02,3669.01001,0.417
2020-12-01,3662.449951,0.455
2020-11-30,3621.629883,-0.345
2020-11-27,3638.350098,-0.005
2020-11-25,3629.649902,-0.161
2020-11-24,3635.409912,1.138
2020-11-23,3577.590088,0.302
2020-11-20,3557.540039,-0.608
2020-11-19,3581.870117,0.631
2020-11-18,3567.790039,-1.226
2020-11-17,3609.530029,-0.022
2020-11-16,3626.909912,0.743
2020-11-13,3585.149902,0.917
2020-11-12,3537.01001,-0.72
2020-11-11,3572.659912,0.265
2020-11-10,3545.530029,0.064
2020-11-09,3550.5,-0.908
2020-11-06,3509.439941,0.031
2020-11-05,3510.449951,0.709
2020-11-04,3443.439941,1.086
2020-11-03,3369.159912,0.986
2020-11-02,3310.23999,0.426
2020-10-30,3269.959961,-0.717
2020-10-29,3310.110107,1.005
2020-10-28,3271.030029,-2.138
2020-10-27,3390.679932,-0.366
2020-10-26,3400.969971,-1.175
2020-10-23,3465.389893,0.014
2020-10-22,3453.48999,0.436
2020-10-21,3435.560059,-0.126
2020-10-20,3443.120117,0.109
2020-10-19,3426.919922,-1.91
2020-10-16,3483.810059,-0.277
2020-10-15,3483.340088,0.858
2020-10-14,3488.669922,-0.762
2020-10-13,3511.929932,-0.625
2020-10-12,3534.219971,0.977
2020-10-09,3477.139893,0.505
2020-10-08,3446.830078,0.365
2020-10-07,3419.439941,1.031
2020-10-06,3360.969971,-1.401
2020-10-05,3408.600098,1.227
2020-10-02,3348.419922,0.284
2020-10-01,3380.800049,-0.15
2020-09-30,3363.0,0.652
2020-09-29,3335.469971,-0.461
2020-09-28,3351.600098,0.531
2020-09-25,3298.459961,1.909
2020-09-24,3246.590088,0.634
2020-09-23,3236.919922,-2.506
2020-09-22,3315.570068,0.601
2020-09-21,3281.060059,-0.137
2020-09-18,3319.469971,-1.129
2020-09-17,3357.01001,0.303
2020-09-16,3385.48999,-0.755
2020-09-15,3401.199951,-0.192
2020-09-14,3383.540039,0.594
2020-09-11,3340.969971,-0.35
2020-09-10,3339.189941,-2.15
2020-09-09,3398.959961,0.865
2020-09-08,3331.840088,-1.187
2020-09-04,3426.959961,-0.771
2020-09-03,3455.060059,-3.077
2020-09-02,3580.840088,1.046
2020-09-01,3526.649902,0.548
2020-08-31,3500.310059,-0.268
2020-08-28,3508.01001,0.381
2020-08-27,3484.550049,-0.017
2020-08-26,3478.72998,0.834
2020-08-25,3443.620117,0.223
2020-08-24,3431.280029,0.386
2020-08-21,3397.159912,0.329
2020-08-20,3385.51001,0.745
2020-08-19,3374.850098,-0.521
2020-08-18,3389.780029,0.081
2020-08-17,3381.98999,0.033
2020-08-14,3372.850098,0.124
2020-08-13,3373.429932,0.014
2020-08-12,3380.350098,0.742
2020-08-11,3333.689941,-1.087
2020-08-10,3360.469971,0.132
2020-08-07,3351.280029,0.336
2020-08-06,3349.159912,0.782
2020-08-05,3327.77002,0.313
2020-08-04,3306.51001,0.504
2020-08-03,3294.610107,0.193
2020-07-31,3271.120117,0.02
2020-07-30,3246.219971,0.447
2020-07-29,3258.439941,0.967
2020-07-28,3218.439941,-0.489
2020-07-27,3239.409912,0.608
2020-07-24,3215.629883,-0.092
2020-07-23,3235.659912,-1.1
2020-07-22,3276.02002,0.65
2020-07-21,3257.300049,-0.343
2020-07-20,3251.840088,0.854
2020-07-17,3224.72998,0.016
2020-07-16,3215.570068,0.225
2020-07-15,3226.560059,0.018
2020-07-14,3197.52002,1.796
2020-07-13,3155.219971,-1.556
2020-07-10,3185.040039,1.033
2020-07-09,3152.050049,-0.759
2020-07-08,3169.939941,0.535
2020-07-07,3145.320068,-0.667
2020-07-06,3179.719971,0.774
2020-07-02,3130.01001,-0.434
2020-07-01,3115.860107,0.32
2020-06-30,3100.290039,1.642
2020-06-29,3053.23999,1.148
2020-06-26,3009.050049,-2.087
2020-06-25,3083.76001,1.22
2020-06-24,3050.330078,-2.057
2020-06-23,3131.290039,-0.236
2020-06-22,3117.860107,0.757
2020-06-19,3097.73999,-1.355
2020-06-18,3115.340088,0.442
2020-06-17,3113.48999,-0.722
2020-06-16,3124.73999,-0.2
2020-06-15,3066.590088,2.433
2020-06-12,3041.310059,-0.968
2020-06-11,3002.100098,-3.888
2020-06-10,3190.139893,-0.724
2020-06-09,3207.179932,-0.191
2020-06-08,3232.389893,1.015
2020-06-05,3193.929932,0.951
2020-06-04,3112.350098,0.025
2020-06-03,3122.870117,0.774
2020-06-02,3080.820068,0.523
2020-06-01,3055.72998,0.558
2020-05-29,3044.310059,0.633
2020-05-28,3029.72998,-0.554
2020-05-27,3036.129883,0.679
2020-05-26,2991.77002,-0.41
2020-05-22,2955.449951,0.251
2020-05-21,2948.51001,-0.722
2020-05-20,2971.610107,0.609
2020-05-19,2922.939941,-0.87
2020-05-18,2953.909912,1.374
2020-05-15,2863.699951,1.193
2020-05-14,2852.5,2.074
2020-05-13,2820.0,-1.6
2020-05-12,2870.120117,-2.36
2020-05-11,2930.189941,0.505
2020-05-08,2929.800049,0.721
2020-05-07,2881.189941,0.102
2020-05-06,2848.419922,-1.204
2020-05-05,2868.439941,-0.015
2020-05-04,2842.73999,0.985
2020-05-01,2830.709961,-1.338
2020-04-30,2912.429932,-0.631
2020-04-29,2939.51001,0.721
2020-04-28,2863.389893,-1.6
2020-04-27,2878.47998,0.835
2020-04-24,2836.73999,0.857
2020-04-23,2797.800049,-0.449
2020-04-22,2799.310059,0.41
2020-04-21,2736.560059,-1.733
2020-04-20,2823.159912,-0.789
2020-04-17,2874.560059,1.13
2020-04-16,2799.550049,0.008
2020-04-15,2783.360107,-0.439
2020-04-14,2846.060059,1.46
2020-04-13,2761.629883,-0.749
2020-04-09,2789.820068,0.462
2020-04-08,2749.97998,2.42
2020-04-07,2659.409912,-2.893
2020-04-06,2663.679932,3.312
2020-04-03,2488.649902,-1.045
2020-04-02,2526.899902,2.781
2020-04-01,2470.5,-1.104
2020-03-31,2584.590088,-1.151
2020-03-30,2626.649902,2.644
2020-03-27,2541.469971,-0.563
2020-03-26,2630.070068,5.149
2020-03-25,2475.560059,0.724
2020-03-24,2447.330078,4.389
2020-03-23,2237.399902,-2.327
2020-03-20,2304.919922,-5.223
2020-03-19,2409.389893,0.665
2020-03-18,2398.100098,-1.576
2020-03-17,2529.189941,4.268
2020-03-16,2386.129883,-4.882
2020-03-13,2711.02002,5.488
2020-03-12,2480.639893,-5.71
2020-03-11,2741.379883,-2.981
2020-03-10,2882.22998,2.444
2020-03-09,2746.560059,-4.097
2020-03-06,2972.370117,0.615
2020-03-05,3023.939941,-1.683
2020-03-04,3130.120117,2.77
2020-03-03,3003.370117,-3.006
2020-03-02,3090.22998,3.898
2020-02-28,2954.219971,1.279
2020-02-27,2978.76001,-2.736
2020-02-26,3116.389893,-0.749
2020-02-25,3128.209961,-3.419
2020-02-24,3225.889893,-0.974
2020-02-21,3337.75,-0.677
2020-02-20,3373.22998,-0.214
2020-02-19,3386.149902,0.17
2020-02-18,3370.290039,0.037
2020-02-14,3380.159912,0.062
2020-02-13,3373.939941,0.239
2020-02-12,3379.449951,0.266
2020-02-11,3357.75,-0.241
2020-02-10,3352.090088,1.019
2020-02-07,3327.709961,-0.235
2020-02-06,3345.780029,0.026
2020-02-05,3334.689941,0.294
2020-02-04,3297.590088,0.518
2020-02-03,3248.919922,0.41
2020-01-31,3225.52002,-1.731
2020-01-30,3283.659912,0.836
2020-01-29,3273.399902,-0.488
2020-01-28,3276.23999,0.642
2020-01-27,3243.629883,-0.109
2020-01-24,3295.469971,-1.129
2020-01-23,3325.540039,0.295
2020-01-22,3321.75,-0.248
2020-01-21,3320.790039,-0.007
2020-01-17,3329.620117,0.179
2020-01-16,3316.810059,0.419
2020-01-15,3289.290039,0.214
2020-01-14,3283.149902,-0.067
2020-01-13,3288.129883,0.52
2020-01-10,3265.350098,-0.502
2020-01-09,3274.699951,0.265
2020-01-08,3253.050049,0.446
2020-01-07,3237.179932,-0.144
2020-01-06,3246.280029,0.893
2020-01-03,3234.850098,0.263
2020-01-02,3257.850098,0.406
2019-12-31,3230.780029,0.485
2019-12-30,3221.290039,-0.58
2019-12-27,3240.02002,-0.222
2019-12-26,3239.909912,0.394
2019-12-24,3223.379883,-0.064
2019-12-23,3224.01001,-0.063
2019-12-20,3221.219971,-0.065
2019-12-19,3205.370117,0.409
2019-12-18,3191.139893,-0.127
2019-12-17,3192.52002,-0.09
2019-12-16,3191.449951,0.246
2019-12-13,3168.800049,0.068
2019-12-12,3168.570068,0.87
2019-12-11,3141.629883,0.188
2019-12-10,3132.52002,-0.091
2019-12-09,3135.959961,-0.188
2019-12-06,3145.909912,0.36
2019-12-05,3117.429932,-0.057
2019-12-04,3112.76001,0.298
2019-12-03,3093.199951,0.188
2019-12-02,3113.870117,-0.954
2019-11-29,3140.97998,-0.197
2019-11-27,3153.629883,0.259
2019-11-26,3140.52002,0.181
2019-11-25,3133.639893,0.52
2019-11-22,3110.290039,-0.036
2019-11-21,3103.540039,-0.159
2019-11-20,3108.459961,-0.199
2019-11-19,3120.179932,-0.232
2019-11-18,3122.030029,0.132
2019-11-15,3120.459961,0.403
2019-11-14,3096.629883,0.19
2019-11-13,3094.040039,0.32
2019-11-12,3091.840088,0.083
2019-11-11,3087.01001,0.217
2019-11-08,3093.080078,0.384
2019-11-07,3085.179932,-0.06
2019-11-06,3076.780029,0.055
2019-11-05,3074.620117,-0.201
2019-11-04,3078.27002,-0.022
2019-11-01,3066.909912,0.531
2019-10-31,3037.560059,-0.307
2019-10-30,3046.77002,0.231
2019-10-29,3036.889893,0.049
2019-10-28,3039.419922,0.241
2019-10-25,3022.550049,0.64
2019-10-24,3010.290039,-0.149
2019-10-23,3004.52002,0.351
2019-10-22,2995.98999,-0.49
2019-10-21,3006.719971,0.342
2019-10-18,2986.199951,-0.355
2019-10-17,2997.949951,-0.094
2019-10-16,2989.689941,0.0
2019-10-15,2995.679932,0.742
2019-10-14,2966.149902,0.011
2019-10-11,2970.27002,0.243
2019-10-10,2938.129883,0.671
2019-10-09,2919.399902,0.285
2019-10-08,2893.060059,-0.936
2019-10-07,2938.790039,-0.185
2019-10-04,2952.01001,1.146
2019-10-03,2910.629883,0.875
2019-10-02,2887.610107,-1.271
2019-10-01,2940.25,-1.456
2019-09-30,2976.73999,0.326
2019-09-27,2961.790039,-0.793
2019-09-26,2977.620117,-0.272
2019-09-25,2984.870117,0.557
2019-09-24,2966.600098,-1.193
2019-09-23,2991.780029,0.278
2019-09-20,2992.070068,-0.543
2019-09-19,3006.790039,-0.119
2019-09-18,3006.72998,0.174
2019-09-17,3005.699951,0.335
2019-09-16,2997.959961,0.052
2019-09-13,3007.389893,-0.16
2019-09-12,3009.570068,0.016
2019-09-11,3000.929932,0.655
2019-09-10,2979.389893,0.282
2019-09-09,2978.429932,-0.335
2019-09-06,2978.709961,-0.054
2019-09-05,2976.0,0.52
2019-09-04,2937.780029,0.448
2019-09-03,2906.27002,-0.094
2019-08-30,2926.459961,-0.362
2019-08-29,2924.580078,0.488
2019-08-28,2887.939941,0.932
2019-08-27,2869.159912,-0.829
2019-08-26,2878.379883,0.407
2019-08-23,2847.110107,-2.197
2019-08-22,2922.949951,-0.273
2019-08-21,2924.429932,0.082
2019-08-20,2900.51001,-0.634
2019-08-19,2923.649902,0.349
2019-08-16,2888.679932,0.836
2019-08-15,2847.600098,0.049
2019-08-14,2840.600098,-1.85
2019-08-13,2926.320068,1.583
2019-08-12,2882.699951,-0.838
2019-08-09,2918.649902,-0.405
2019-08-08,2938.090088,1.446
2019-08-07,2883.97998,0.886
2019-08-06,2881.77002,0.72
2019-08-05,2844.73999,-1.84
2019-08-02,2932.050049,-0.403
2019-08-01,2953.560059,-0.898
2019-07-31,2980.379883,-1.188
2019-07-30,3013.179932,0.184
2019-07-29,3020.969971,-0.116
2019-07-26,3025.860107,0.418
2019-07-25,3003.669922,-0.417
2019-07-24,3019.560059,0.693
2019-07-23,3005.469971,0.358
2019-07-22,2985.030029,0.104
2019-07-19,2976.610107,-0.92
2019-07-18,2995.110107,0.545
2019-07-17,2984.419922,-0.688
2019-07-16,3004.040039,-0.269
2019-07-15,3014.300049,-0.116
2019-07-12,3013.77002,0.347
2019-07-11,2999.909912,0.01
2019-07-10,2993.070068,0.126
2019-07-09,2979.629883,0.476
2019-07-08,2975.949951,-0.128
2019-07-05,2990.409912,0.206
2019-07-03,2995.820068,0.596
2019-07-02,2973.01001,0.282
2019-07-01,2964.330078,-0.238
2019-06-28,2941.76001,0.301
2019-06-27,2924.919922,0.18
2019-06-26,2913.780029,-0.42
2019-06-25,2917.379883,-0.964
2019-06-24,2945.350098,-0.206
2019-06-21,2950.459961,-0.076
2019-06-20,2954.179932,0.155
2019-06-19,2926.459961,0.202
2019-06-18,2917.75,0.38
2019-06-17,2889.669922,-0.003
2019-06-14,2886.97998,0.006
2019-06-13,2891.639893,0.187
2019-06-12,2879.840088,-0.1
2019-06-11,2885.719971,-0.604
2019-06-10,2886.72998,0.031
2019-06-07,2873.340088,0.718
2019-06-06,2843.48999,0.53
2019-06-05,2826.149902,0.286
2019-06-04,2803.27002,1.471
2019-06-03,2744.449951,-0.257
2019-05-31,2752.060059,-0.509
2019-05-30,2788.860107,0.069
2019-05-29,2783.02002,-0.259
2019-05-28,2802.389893,-0.977
2019-05-24,2826.060059,-0.224
2019-05-23,2822.23999,-0.51
2019-05-22,2856.27002,0.007
2019-05-21,2864.360107,0.362
2019-05-20,2840.22998,-0.06
2019-05-17,2859.530029,0.033
2019-05-16,2876.320068,0.719
2019-05-15,2850.959961,1.084
2019-05-14,2834.409912,0.507
2019-05-13,2811.870117,-0.997
2019-05-10,2881.399902,0.639
2019-05-09,2870.719971,0.38
2019-05-08,2879.419922,-0.007
2019-05-07,2884.050049,-0.995
2019-05-06,2932.469971,0.811
2019-05-03,2945.639893,0.561
2019-05-02,2917.52002,-0.159
2019-05-01,2923.72998,-0.969
2019-04-30,2945.830078,0.296
2019-04-29,2943.030029,0.083
2019-04-26,2939.879883,0.481
2019-04-25,2926.169922,-0.096
2019-04-24,2927.25,-0.23
2019-04-23,2933.679932,0.814
2019-04-22,2907.969971,0.317
2019-04-18,2905.030029,0.008
2019-04-17,2900.449951,-0.535
2019-04-16,2907.060059,-0.179
2019-04-15,2905.580078,-0.094
2019-04-12,2907.409912,0.226
2019-04-11,2888.320068,-0.124
2019-04-10,2888.209961,0.237
2019-04-09,2878.199951,-0.29
2019-04-08,2895.77002,0.253
2019-04-05,2892.73999,0.297
2019-04-04,2879.389893,0.188
2019-04-03,2873.399902,-0.094
2019-04-02,2867.23999,-0.035
2019-04-01,2867.189941,0.652
2019-03-29,2834.399902,0.217
2019-03-28,2815.439941,0.215
2019-03-27,2805.370117,-0.509
2019-03-26,2818.459961,0.206
2019-03-25,2798.360107,0.084
2019-03-22,2800.709961,-1.54
2019-03-21,2854.879883,1.247
2019-03-20,2824.22998,-0.251
2019-03-19,2832.570068,-0.288
2019-03-18,2832.939941,0.366
2019-03-15,2822.47998,0.416
2019-03-14,2808.47998,-0.068
2019-03-13,2810.919922,0.398
2019-03-12,2791.52002,0.15
2019-03-11,2783.300049,1.299
2019-03-08,2743.070068,0.45
2019-03-07,2748.929932,-0.636
2019-03-06,2771.449951,-0.674
2019-03-05,2789.649902,-0.17
2019-03-04,2792.810059,-0.766
2019-03-01,2803.689941,0.195
2019-02-28,2784.48999,-0.13
2019-02-27,2792.379883,0.175
2019-02-26,2793.899902,0.055
2019-02-25,2796.110107,-0.294
2019-02-22,2792.669922,0.432
2019-02-21,2774.879883,-0.193
2019-02-20,2784.699951,0.203
2019-02-19,2779.76001,0.378
2019-02-15,2775.600098,0.556
2019-02-14,2745.72998,0.081
2019-02-13,2753.030029,0.099
2019-02-12,2744.72998,0.812
2019-02-11,2709.800049,-0.096
2019-02-08,2707.879883,0.576
2019-02-07,2706.050049,-0.422
2019-02-06,2731.610107,-0.126
2019-02-05,2737.699951,0.343
2019-02-04,2724.870117,0.679
2019-02-01,2706.530029,0.156
2019-01-31,2704.100098,0.693
2019-01-30,2681.050049,1.034
2019-01-29,2640.0,-0.185
2019-01-28,2643.850098,-0.042
2019-01-25,2664.76001,0.275
2019-01-24,2642.330078,0.132
2019-01-23,2638.699951,-0.181
2019-01-22,2632.899902,-0.94
2019-01-18,2670.709961,0.733
2019-01-17,2635.959961,1.023
2019-01-16,2616.100098,0.052
2019-01-15,2610.300049,0.975
2019-01-14,2582.610107,0.089
2019-01-11,2596.26001,0.315
2019-01-10,2596.639893,0.899
2019-01-09,2584.959961,0.192
2019-01-08,2574.409912,0.245
2019-01-07,2549.689941,0.555
2019-01-04,2531.939941,2.328
2019-01-03,2447.889893,-1.767
2019-01-02,2510.030029,1.335
2018-12-31,2506.850098,0.317
2018-12-28,2485.73999,-0.521
2018-12-27,2488.830078,1.897
2018-12-26,2467.699951,4.425
2018-12-24,2351.100098,-2.06
2018-12-21,2416.620117,-1.978
2018-12-20,2467.419922,-1.176
2018-12-19,2506.959961,-1.574
2018-12-18,2546.159912,-0.537
2018-12-17,2545.939941,-1.73
2018-12-14,2599.949951,-1.131
2018-12-13,2650.540039,-0.307
2018-12-12,2651.070068,-0.269
2018-12-11,2636.780029,-1.038
2018-12-10,2637.719971,0.261
2018-12-07,2633.080078,-2.162
2018-12-06,2695.949951,1.218
2018-12-04,2700.060059,-2.96
2018-12-03,2790.370117,-0.005
2018-11-30,2760.169922,0.819
2018-11-29,2737.800049,0.03
2018-11-28,2743.790039,1.945
2018-11-27,2682.169922,0.692
2018-11-26,2673.449951,0.886
2018-11-23,2632.560059,-0.03
2018-11-21,2649.929932,-0.294
2018-11-20,2641.889893,-0.479
2018-11-19,2690.72998,-1.465
2018-11-16,2736.27002,0.652
2018-11-15,2730.199951,1.362
2018-11-14,2701.580078,-1.327
2018-11-13,2722.179932,-0.288
2018-11-12,2726.219971,-1.72
2018-11-09,2781.01001,-0.468
2018-11-08,2806.830078,0.016
2018-11-07,2813.889893,1.433
2018-11-06,2755.449951,0.623
2018-11-05,2738.310059,0.438
2018-11-02,2723.060059,-0.816
2018-11-01,2740.370117,0.839
2018-10-31,2711.73999,0.227
2018-10-30,2682.629883,1.589
2018-10-29,2641.25,-1.543
2018-10-26,2658.689941,-0.344
2018-10-25,2705.570068,1.147
2018-10-24,2656.100098,-2.987
2018-10-23,2740.689941,0.723
2018-10-22,2755.879883,-0.651
2018-10-19,2767.780029,-0.284
2018-10-18,2768.780029,-1.186
2018-10-17,2809.209961,-0.087
2018-10-16,2809.919922,1.549
2018-10-15,2750.790039,-0.472
2018-10-12,2767.129883,-0.123
2018-10-11,2728.370117,-1.747
2018-10-10,2785.679932,-3.07
2018-10-09,2880.340088,-0.075
2018-10-08,2884.429932,0.24
2018-10-05,2885.570068,-0.585
2018-10-04,2901.610107,-0.608
2018-10-03,2925.51001,-0.211
2018-10-02,2923.429932,-0.013
2018-10-01,2924.590088,-0.058
2018-09-28,2913.97998,0.136
2018-09-27,2914.0,0.081
2018-09-26,2905.969971,-0.377
2018-09-25,2915.560059,-0.212
2018-09-24,2919.370117,-0.084
2018-09-21,2929.669922,-0.241
2018-09-20,2930.75,0.377
2018-09-19,2907.949951,0.046
2018-09-18,2904.310059,0.469
2018-09-17,2888.800049,-0.518
2018-09-14,2904.97998,-0.048
2018-09-13,2904.179932,0.253
2018-09-12,2888.919922,0.022
2018-09-11,2887.889893,0.568
2018-09-10,2877.129883,-0.148
2018-09-07,2871.679932,0.119
2018-09-06,2878.050049,-0.367
2018-09-05,2888.600098,-0.103
2018-09-04,2896.719971,-0.008
2018-08-31,2901.52002,0.109
2018-08-30,2901.129883,-0.268
2018-08-29,2914.040039,0.463
2018-08-28,2897.52002,-0.135
2018-08-27,2896.73999,0.418
2018-08-24,2874.689941,0.431
2018-08-23,2856.97998,-0.116
2018-08-22,2861.820068,0.029
2018-08-21,2862.959961,0.051
2018-08-20,2857.050049,0.109
2018-08-17,2850.129883,0.416
2018-08-16,2840.689941,0.327
2018-08-15,2818.370117,-0.339
2018-08-14,2839.959961,0.427
2018-08-13,2821.929932,-0.477
2018-08-10,2833.280029,-0.198
2018-08-09,2853.580078,-0.126
2018-08-08,2857.699951,0.032
2018-08-07,2858.449951,0.089
2018-08-06,2850.399902,0.356
2018-08-03,2840.350098,0.379
2018-08-02,2827.219971,0.955
2018-08-01,2813.360107,-0.277
2018-07-31,2816.290039,0.233
2018-07-30,2802.600098,-0.582
2018-07-27,2818.820068,-0.828
2018-07-26,2837.439941,0.069
2018-07-25,2846.070068,1.006
2018-07-24,2820.399902,-0.01
2018-07-23,2806.97998,0.279
2018-07-20,2801.830078,-0.097
2018-07-19,2804.48999,-0.174
2018-07-18,2815.620117,0.152
2018-07-17,2809.550049,0.725
2018-07-16,2798.429932,0.038
2018-07-13,2801.310059,0.157
2018-07-12,2798.290039,0.544
2018-07-11,2774.02002,-0.209
2018-07-10,2793.840088,0.189
2018-07-09,2784.169922,0.308
2018-07-06,2759.820068,0.809
2018-07-05,2736.610107,0.456
2018-07-03,2713.219971,-0.734
2018-07-02,2726.709961,0.804
2018-06-29,2718.370117,-0.321
2018-06-28,2716.310059,0.653
2018-06-27,2699.629883,-1.056
2018-06-26,2723.060059,0.035
2018-06-25,2717.070068,-0.943
2018-06-22,2754.879883,-0.214
2018-06-21,2749.76001,-0.705
2018-06-20,2767.320068,-0.087
2018-06-19,2762.590088,0.384
2018-06-18,2773.75,0.288
2018-06-15,2779.659912,0.068
2018-06-14,2782.48999,-0.026
2018-06-13,2775.629883,-0.442
2018-06-12,2786.850098,0.045
2018-06-11,2782.0,0.065
2018-06-08,2779.030029,0.477
2018-06-07,2770.370117,-0.161
2018-06-06,2772.350098,0.694
2018-06-05,2748.800049,0.012
2018-06-04,2746.870117,0.19
2018-06-01,2734.620117,0.586
2018-05-31,2705.27002,-0.577
2018-05-30,2724.01001,0.799
2018-05-29,2689.860107,-0.564
2018-05-25,2721.330078,-0.083
2018-05-24,2727.76001,-0.116
2018-05-23,2733.290039,0.712
2018-05-22,2724.439941,-0.508
2018-05-21,2733.01001,-0.087
2018-05-18,2712.969971,-0.161
2018-05-17,2720.129883,0.015
2018-05-16,2722.459961,0.363
2018-05-15,2711.449951,-0.263
2018-05-14,2730.129883,-0.305
2018-05-11,2727.719971,0.184
2018-05-10,2723.070068,0.667
2018-05-09,2697.790039,0.734
2018-05-08,2671.919922,0.062
2018-05-07,2672.629883,-0.288
2018-05-04,2663.419922,1.601
2018-05-03,2629.72998,0.063
2018-05-02,2635.669922,-0.7
2018-05-01,2654.800049,0.448
2018-04-30,2648.050049,-1.285
2018-04-27,2669.909912,-0.208
2018-04-26,2666.939941,0.577
2018-04-25,2639.399902,0.17
2018-04-24,2634.560059,-1.725
2018-04-23,2670.290039,-0.191
2018-04-20,2670.139893,-0.833
2018-04-19,2693.129883,-0.297
2018-04-18,2708.639893,-0.054
2018-04-17,2706.389893,0.507
2018-04-16,2677.840088,0.29
2018-04-13,2656.300049,-0.77
2018-04-12,2663.98999,0.383
2018-04-11,2642.189941,-0.064
2018-04-10,2656.870117,0.7
2018-04-09,2613.159912,-0.154
2018-04-06,2604.469971,-1.563
2018-04-05,2662.840088,0.206
2018-04-04,2644.689941,2.347
2018-04-03,2614.449951,0.86
2018-04-02,2581.879883,-1.958
2018-03-29,2640.870117,1.012
2018-03-28,2605.0,-0.241
2018-03-27,2612.620117,-2.06
2018-03-26,2658.550049,1.497
2018-03-23,2588.26001,-2.208
2018-03-22,2643.689941,-1.771
2018-03-21,2711.929932,-0.113
2018-03-20,2716.939941,0.07
2018-03-19,2712.919922,-1.038
2018-03-16,2752.01001,0.052
2018-03-15,2747.330078,-0.252
2018-03-14,2749.47998,-0.886
2018-03-13,2765.310059,-0.967
2018-03-12,2783.02002,-0.269
2018-03-09,2786.570068,1.223
2018-03-08,2738.969971,0.228
2018-03-07,2726.800049,0.613
2018-03-06,2728.120117,-0.075
2018-03-05,2720.939941,1.487
2018-03-02,2691.25,1.217
2018-03-01,2677.669922,-1.383
2018-02-28,2713.830078,-1.451
2018-02-27,2744.280029,-1.301
2018-02-26,2779.600098,0.806
2018-02-23,2747.300049,1.16
2018-02-22,2703.959961,-0.238
2018-02-21,2701.330078,-0.706
2018-02-20,2716.26001,-0.247
2018-02-16,2732.219971,0.186
2018-02-15,2731.199951,0.654
2018-02-14,2698.629883,1.789
2018-02-13,2662.939941,0.63
2018-02-12,2656.0,0.73
2018-02-09,2619.550049,0.683
2018-02-08,2581.0,-3.874
2018-02-07,2681.659912,-0.345
2018-02-06,2695.139893,3.073
2018-02-05,2648.939941,-3.361
2018-02-02,2762.129883,-1.666
2018-02-01,2821.97998,0.196
2018-01-31,2823.810059,-0.304
2018-01-30,2822.429932,-0.364
2018-01-29,2853.530029,-0.478
2018-01-26,2872.870117,0.892
2018-01-25,2839.25,-0.246
2018-01-24,2837.540039,-0.277
2018-01-23,2839.129883,0.144
2018-01-22,2832.969971,0.848
2018-01-19,2810.300049,0.275
2018-01-18,2798.030029,-0.156
2018-01-17,2802.560059,0.631
2018-01-16,2776.419922,-0.805
2018-01-12,2786.23999,0.58
2018-01-11,2767.560059,0.53
2018-01-10,2748.22998,0.098
2018-01-09,2751.290039,0.005
2018-01-08,2747.709961,0.184
2018-01-05,2743.149902,0.433
2018-01-04,2723.98999,0.172
2018-01-03,2713.060059,0.564
2018-01-02,2695.810059,0.45
2017-12-29,2673.610107,-0.578
2017-12-28,2687.540039,0.054
2017-12-27,2682.620117,0.019
2017-12-26,2680.5,0.053
2017-12-22,2683.340088,-0.033
2017-12-21,2684.570068,0.058
2017-12-20,2679.25,-0.332
2017-12-19,2681.469971,-0.417
2017-12-18,2690.159912,0.158
2017-12-15,2675.810059,0.571
2017-12-14,2652.01001,-0.52
2017-12-13,2662.850098,-0.178
2017-12-12,2664.110107,0.089
2017-12-11,2659.98999,0.294
2017-12-08,2651.5,0.2
2017-12-07,2636.97998,0.327
2017-12-06,2629.27002,0.115
2017-12-05,2629.570068,-0.387
2017-12-04,2639.439941,-0.668
2017-12-01,2642.219971,-0.109
2017-11-30,2647.580078,0.518
2017-11-29,2626.070068,-0.067
2017-11-28,2627.040039,0.81
2017-11-27,2601.419922,-0.048
2017-11-24,2602.419922,0.077
2017-11-22,2597.080078,-0.124
2017-11-21,2599.030029,0.381
2017-11-20,2582.139893,0.103
2017-11-17,2578.850098,-0.158
2017-11-16,2585.639893,0.493
2017-11-15,2564.620117,-0.188
2017-11-14,2578.870117,0.043
2017-11-13,2584.840088,0.323
2017-11-10,2582.300049,0.082
2017-11-09,2584.620117,0.024
2017-11-08,2594.379883,0.219
2017-11-07,2590.639893,-0.057
2017-11-06,2591.129883,0.141
2017-11-03,2587.840088,0.229
2017-11-02,2579.850098,0.015
2017-11-01,2579.360107,-0.149
2017-10-31,2575.26001,-0.028
2017-10-30,2572.830078,-0.191
2017-10-27,2581.070068,0.421
2017-10-26,2560.399902,0.012
2017-10-25,2557.149902,-0.365
2017-10-24,2569.129883,0.018
2017-10-23,2564.97998,-0.508
2017-10-20,2575.209961,0.298
2017-10-19,2562.100098,0.341
2017-10-18,2561.26001,-0.063
2017-10-17,2559.360107,0.086
2017-10-16,2557.639893,0.081
2017-10-13,2553.169922,-0.097
2017-10-12,2550.929932,-0.076
2017-10-11,2555.23999,0.181
2017-10-10,2550.639893,0.025
2017-10-09,2544.72998,-0.261
2017-10-06,2549.330078,0.074
2017-10-05,2552.070068,0.441
2017-10-04,2537.73999,0.168
2017-10-03,2534.580078,0.168
2017-10-02,2529.120117,0.314
2017-09-29,2519.360107,0.375
2017-09-28,2510.060059,0.266
2017-09-27,2507.040039,0.149
2017-09-26,2496.840088,-0.168
2017-09-25,2496.659912,-0.109
2017-09-22,2502.219971,0.199
2017-09-21,2500.600098,-0.262
2017-09-20,2508.23999,0.056
2017-09-19,2506.649902,0.014
2017-09-18,2503.870117,0.054
2017-09-15,2500.22998,0.183
2017-09-14,2495.620117,0.042
2017-09-13,2498.370117,0.18
2017-09-12,2496.47998,0.182
2017-09-11,2488.110107,0.549
2017-09-08,2461.429932,-0.033
2017-09-07,2465.100098,-0.12
2017-09-06,2465.540039,0.069
2017-09-05,2457.850098,-0.506
2017-09-01,2476.550049,0.086
2017-08-31,2471.649902,0.365
2017-08-30,2457.590088,0.471
2017-08-29,2446.300049,0.59
2017-08-28,2444.23999,-0.127
2017-08-25,2443.050049,-0.068
2017-08-24,2438.969971,-0.365
2017-08-23,2444.040039,-0.034
2017-08-22,2452.51001,0.771
2017-08-21,2428.370117,0.118
2017-08-18,2425.550049,-0.086
2017-08-17,2430.01001,-1.337
2017-08-16,2468.110107,-0.021
2017-08-15,2464.610107,-0.164
2017-08-14,2465.840088,0.443
2017-08-11,2441.320068,0.011
2017-08-10,2438.209961,-1.102
2017-08-09,2474.02002,0.352
2017-08-08,2474.919922,-0.138
2017-08-07,2480.909912,0.152
2017-08-04,2476.830078,-0.002
2017-08-03,2472.159912,-0.156
2017-08-02,2477.570068,-0.113
2017-08-01,2476.350098,-0.03
2017-07-31,2470.300049,-0.228
2017-07-28,2472.100098,0.121
2017-07-27,2475.419922,-0.296
2017-07-26,2477.830078,-0.086
2017-07-25,2477.129883,-0.03
2017-07-24,2469.909912,-0.086
2017-07-21,2472.540039,0.208
2017-07-20,2473.449951,-0.085
2017-07-19,2473.830078,0.405
2017-07-18,2460.610107,0.193
2017-07-17,2459.139893,-0.015
2017-07-14,2459.27002,0.413
2017-07-13,2447.830078,0.116
2017-07-12,2443.25,0.308
2017-07-11,2425.530029,-0.075
2017-07-10,2427.429932,0.12
2017-07-07,2425.179932,0.483
2017-07-06,2409.75,-0.565
2017-07-05,2432.540039,0.072
2017-07-03,2429.01001,-0.098
2017-06-30,2423.409912,-0.238
2017-06-29,2419.699951,-0.929
2017-06-28,2440.689941,0.494
2017-06-27,2419.379883,-0.696
2017-06-26,2439.070068,-0.174
2017-06-23,2438.300049,0.15
2017-06-22,2434.5,-0.119
2017-06-21,2435.610107,-0.152
2017-06-20,2437.030029,-0.556
2017-06-19,2453.459961,0.447
2017-06-16,2433.149902,0.079
2017-06-15,2432.459961,0.343
2017-06-14,2437.919922,-0.239
2017-06-13,2440.350098,0.255
2017-06-12,2429.389893,0.145
2017-06-09,2431.77002,-0.19
2017-06-08,2433.790039,-0.02
2017-06-07,2433.139893,0.046
2017-06-06,2429.330078,-0.106
2017-06-05,2436.100098,-0.071
2017-06-02,2439.070068,0.32
2017-06-01,2430.060059,0.597
2017-05-31,2411.800049,-0.159
2017-05-30,2412.909912,0.051
2017-05-26,2415.820068,0.055
2017-05-25,2415.070068,0.23
2017-05-24,2404.389893,0.124
2017-05-23,2398.419922,0.058
2017-05-22,2394.02002,0.285
2017-05-19,2381.72998,0.437
2017-05-18,2365.719971,0.468
2017-05-17,2357.030029,-1.088
2017-05-16,2400.669922,-0.161
2017-05-15,2402.320068,0.348
2017-05-12,2390.899902,-0.064
2017-05-11,2394.439941,-0.017
2017-05-10,2399.629883,0.118
2017-05-09,2396.919922,-0.194
2017-05-08,2399.379883,-0.023
2017-05-05,2399.290039,0.289
2017-05-04,2389.52002,-0.011
2017-05-03,2388.129883,0.068
2017-05-02,2391.169922,0.005
2017-05-01,2388.330078,-0.007
2017-04-28,2384.199951,-0.396
2017-04-27,2388.77002,-0.039
2017-04-26,2387.449951,-0.064
2017-04-25,2388.610107,0.298
2017-04-24,2374.149902,0.161
2017-04-21,2348.689941,-0.257
2017-04-20,2355.840088,0.561
2017-04-19,2338.169922,-0.367
2017-04-18,2342.189941,-0.015
2017-04-17,2349.01001,0.703
2017-04-13,2328.949951,-0.556
2017-04-12,2344.929932,-0.307
2017-04-11,2353.780029,-0.006
2017-04-10,2357.159912,0.0
2017-04-07,2355.540039,-0.045
2017-04-06,2357.48999,0.157
2017-04-05,2352.949951,-0.576
2017-04-04,2360.159912,0.229
2017-04-03,2358.840088,-0.148
2017-03-31,2362.719971,-0.089
2017-03-30,2368.060059,0.286
2017-03-29,2361.129883,0.195
2017-03-28,2358.570068,0.803
2017-03-27,2341.590088,0.536
2017-03-24,2343.97998,-0.274
2017-03-23,2345.959961,0.0
2017-03-22,2348.449951,0.233
2017-03-21,2344.02002,-1.484
2017-03-20,2373.469971,-0.201
2017-03-17,2378.25,-0.229
2017-03-16,2381.379883,-0.265
2017-03-15,2385.26001,0.629
2017-03-14,2365.449951,-0.131
2017-03-13,2373.469971,0.081
2017-03-10,2372.600098,0.003
2017-03-09,2364.870117,0.058
2017-03-08,2362.97998,-0.288
2017-03-07,2368.389893,-0.099
2017-03-06,2375.310059,0.003
2017-03-03,2383.120117,0.092
2017-03-02,2381.919922,-0.536
2017-03-01,2395.959961,0.665
2017-02-28,2363.639893,-0.103
2017-02-27,2369.75,0.191
2017-02-24,2367.340088,0.493
2017-02-23,2363.810059,-0.156
2017-02-22,2362.820068,0.072
2017-02-21,2365.379883,0.445
2017-02-17,2351.159912,0.348
2017-02-16,2347.219971,-0.103
2017-02-15,2349.25,0.585
2017-02-14,2337.580078,0.493
2017-02-13,2328.25,0.281
2017-02-10,2316.100098,0.166
2017-02-09,2307.870117,0.486
2017-02-08,2294.669922,0.224
2017-02-07,2293.080078,-0.122
2017-02-06,2292.560059,-0.075
2017-02-03,2297.419922,0.388
2017-02-02,2280.850098,0.183
2017-02-01,2279.550049,-0.264
2017-01-31,2278.870117,0.213
2017-01-30,2280.899902,-0.224
2017-01-27,2294.689941,-0.188
2017-01-26,2296.679932,-0.085
2017-01-25,2298.370117,0.415
2017-01-24,2280.070068,0.538
2017-01-23,2265.199951,-0.114
2017-01-20,2271.310059,0.059
2017-01-19,2263.689941,-0.361
2017-01-18,2271.889893,0.121
2017-01-17,2267.889893,-0.055
2017-01-13,2274.639893,0.084
2017-01-12,2270.439941,-0.031
2017-01-11,2275.320068,0.296
2017-01-10,2268.899902,-0.036
2017-01-09,2268.899902,-0.206
2017-01-06,2276.97998,0.257
2017-01-05,2269.0,0.036
2017-01-04,2270.75,0.405
2017-01-03,2257.830078,0.278
2016-12-30,2238.830078,-0.568
2016-12-29,2249.26001,-0.011
2016-12-28,2249.919922,-0.895
2016-12-27,2268.879883,0.117
2016-12-23,2263.790039,0.157
2016-12-22,2260.959961,-0.087
2016-12-21,2265.179932,-0.236
2016-12-20,2270.76001,0.188
2016-12-19,2262.530029,0.146
2016-12-16,2258.070068,-0.386
2016-12-15,2262.030029,0.366
2016-12-14,2253.280029,-0.664
2016-12-13,2271.719971,0.371
2016-12-12,2256.959961,-0.083
2016-12-09,2259.530029,0.436
2016-12-08,2246.189941,0.226
2016-12-07,2241.350098,1.386
2016-12-06,2212.22998,0.225
2016-12-05,2204.709961,0.184
2016-12-02,2191.949951,0.038
2016-12-01,2191.080078,-0.413
2016-11-30,2198.810059,-0.279
2016-11-29,2204.659912,0.177
2016-11-28,2201.719971,-0.384
2016-11-25,2213.350098,0.321
2016-11-23,2204.719971,0.281
2016-11-22,2202.939941,0.063
2016-11-21,2198.179932,0.537
2016-11-18,2181.899902,-0.226
2016-11-17,2187.120117,0.391
2016-11-16,2176.939941,-0.027
2016-11-15,2180.389893,0.558
2016-11-14,2164.199951,-0.066
2016-11-11,2164.449951,0.08
2016-11-10,2167.47998,0.0
2016-11-09,2163.26001,1.487
2016-11-08,2139.560059,0.453
2016-11-07,2131.52002,1.472
2016-11-04,2085.179932,0.067
2016-11-03,2088.659912,-0.483
2016-11-02,2097.939941,-0.545
2016-11-01,2111.719971,-0.797
2016-10-31,2126.149902,-0.17
2016-10-28,2126.409912,-0.273
2016-10-27,2133.040039,-0.514
2016-10-26,2139.429932,0.115
2016-10-25,2143.159912,-0.305
2016-10-24,2151.330078,0.132
2016-10-21,2141.159912,0.081
2016-10-20,2141.340088,-0.055
2016-10-19,2144.290039,0.163
2016-10-18,2139.600098,0.06
2016-10-17,2126.5,-0.302
2016-10-14,2132.97998,-0.313
2016-10-13,2132.550049,0.108
2016-10-12,2139.179932,0.071
2016-10-11,2136.72998,-1.139
2016-10-10,2163.659912,0.151
2016-10-07,2153.73999,-0.483
2016-10-06,2160.77002,0.118
2016-10-05,2159.72998,0.213
2016-10-04,2150.48999,-0.595
2016-10-03,2161.199951,-0.145
2016-09-30,2168.27002,0.545
2016-09-29,2151.129883,-0.819
2016-09-28,2171.370117,0.44
2016-09-27,2159.929932,0.647
2016-09-26,2146.100098,-0.576
2016-09-23,2164.689941,-0.396
2016-09-22,2177.179932,0.287
2016-09-21,2163.120117,0.865
2016-09-20,2139.76001,-0.288
2016-09-19,2139.120117,-0.227
2016-09-16,2139.159912,-0.341
2016-09-15,2147.26001,1.03
2016-09-14,2125.77002,-0.098
2016-09-13,2127.02002,-1.09
2016-09-12,2159.040039,1.8
2016-09-09,2127.810059,-1.903
2016-09-08,2181.300049,-0.067
2016-09-07,2186.159912,0.045
2016-09-06,2186.47998,0.223
2016-09-02,2179.97998,0.114
2016-09-01,2170.860107,-0.022
2016-08-31,2170.949951,-0.12
2016-08-30,2176.120117,-0.153
2016-08-29,2180.379883,0.47
2016-08-26,2169.040039,-0.279
2016-08-25,2172.469971,-0.038
2016-08-24,2175.439941,-0.442
2016-08-23,2186.899902,-0.042
2016-08-22,2182.639893,0.049
2016-08-19,2183.870117,-0.017
2016-08-18,2187.02002,0.235
2016-08-17,2182.219971,0.201
2016-08-16,2178.149902,-0.37
2016-08-15,2190.149902,0.186
2016-08-12,2184.050049,0.014
2016-08-11,2185.790039,0.359
2016-08-10,2175.48999,-0.335
2016-08-09,2181.73999,-0.023
2016-08-08,2180.889893,-0.131
2016-08-05,2182.870117,0.649
2016-08-04,2164.25,0.034
2016-08-03,2163.790039,0.324
2016-08-02,2157.030029,-0.595
2016-08-01,2170.840088,-0.106
2016-07-29,2173.600098,0.22
2016-07-28,2170.060059,0.185
2016-07-27,2166.580078,-0.149
2016-07-26,2169.179932,0.01
2016-07-25,2168.47998,-0.241
2016-07-22,2175.030029,0.395
2016-07-21,2165.169922,-0.356
2016-07-20,2173.02002,0.319
2016-07-19,2163.780029,0.0
2016-07-18,2166.889893,0.224
2016-07-15,2161.73999,-0.157
2016-07-14,2163.75,0.272
2016-07-13,2152.429932,-0.064
2016-07-12,2152.139893,0.591
2016-07-11,2137.159912,0.255
2016-07-08,2129.899902,1.088
2016-07-07,2097.899902,-0.12
2016-07-06,2099.72998,0.734
2016-07-05,2088.550049,-0.31
2016-07-01,2102.949951,0.172
2016-06-30,2098.860107,1.239
2016-06-29,2070.77002,1.375
2016-06-28,2036.089966,1.466
2016-06-27,2000.540039,-1.522
2016-06-24,2037.410034,-3.156
2016-06-23,2113.320068,0.981
2016-06-22,2085.449951,-0.206
2016-06-21,2088.899902,0.178
2016-06-20,2083.25,0.37
2016-06-17,2071.219971,-0.336
2016-06-16,2077.98999,0.563
2016-06-15,2071.5,-0.294
2016-06-14,2075.320068,-0.064
2016-06-13,2079.060059,-0.607
2016-06-10,2096.070068,-0.64
2016-06-09,2115.47998,-0.008
2016-06-08,2119.120117,0.303
2016-06-07,2112.129883,0.092
2016-06-06,2109.409912,0.408
2016-06-03,2099.129883,-0.235
2016-06-02,2105.26001,0.36
2016-06-01,2099.330078,0.257
2016-05-31,2096.949951,-0.151
2016-05-27,2099.060059,0.431
2016-05-26,2090.100098,-0.064
2016-05-25,2090.540039,0.558
2016-05-24,2076.060059,1.14
2016-05-23,2048.040039,-0.204
2016-05-20,2052.320068,0.511
2016-05-19,2040.040039,-0.204
2016-05-18,2047.630005,0.159
2016-05-17,2047.209961,-0.863
2016-05-16,2066.659912,0.984
2016-05-13,2046.609985,-0.77
2016-05-12,2064.110107,-0.148
2016-05-11,2064.459961,-0.904
2016-05-10,2084.389893,1.055
2016-05-09,2058.689941,0.055
2016-05-06,2057.139893,0.458
2016-05-05,2050.629883,-0.113
2016-05-04,2051.120117,-0.446
2016-05-03,2063.370117,-0.665
2016-05-02,2081.429932,0.69
2016-04-29,2065.300049,-0.315
2016-04-28,2075.810059,-0.723
2016-04-27,2095.149902,0.135
2016-04-26,2091.699951,0.089
2016-04-25,2087.790039,-0.076
2016-04-22,2091.580078,0.004
2016-04-21,2091.47998,-0.505
2016-04-20,2102.399902,0.042
2016-04-19,2100.800049,0.227
2016-04-18,2094.340088,0.746
2016-04-15,2080.72998,-0.114
2016-04-14,2082.780029,-0.005
2016-04-13,2082.419922,0.799
2016-04-12,2061.719971,0.881
2016-04-11,2041.98999,-0.402
2016-04-08,2047.599976,0.101
2016-04-07,2041.910034,-1.023
2016-04-06,2066.659912,1.031
2016-04-05,2045.170044,-0.84
2016-04-04,2066.129883,-0.341
2016-04-01,2072.780029,0.786
2016-03-31,2059.73999,-0.195
2016-03-30,2063.949951,0.276
2016-03-29,2055.01001,0.946
2016-03-28,2037.050049,-0.041
2016-03-24,2035.939941,0.17
2016-03-23,2036.709961,-0.578
2016-03-22,2049.800049,0.057
2016-03-21,2051.600098,0.182
2016-03-18,2049.580078,0.413
2016-03-17,2040.589966,0.675
2016-03-16,2027.219971,0.644
2016-03-15,2015.930054,0.033
2016-03-14,2019.640015,0.018
2016-03-11,2022.189941,1.378
2016-03-10,1989.569946,-0.07
2016-03-09,1989.26001,0.395
2016-03-08,1979.26001,-0.882
2016-03-07,2001.76001,0.283
2016-03-04,1999.98999,0.3
2016-03-03,1993.400024,0.393
2016-03-02,1986.449951,0.498
2016-03-01,1978.349976,2.13
2016-02-29,1932.22998,-0.765
2016-02-26,1948.050049,-0.353
2016-02-25,1951.699951,1.026
2016-02-24,1929.800049,0.638
2016-02-23,1921.27002,-1.087
2016-02-22,1945.5,1.094
2016-02-19,1917.780029,0.054
2016-02-18,1917.829956,-0.505
2016-02-17,1926.819946,1.476
2016-02-16,1895.579956,1.29
2016-02-12,1864.780029,1.712
2016-02-11,1829.079956,-0.97
2016-02-10,1851.859985,-0.282
2016-02-09,1852.209961,0.203
2016-02-08,1853.439941,-1.058
2016-02-05,1880.050049,-1.726
2016-02-04,1915.449951,0.198
2016-02-03,1912.530029,0.286
2016-02-02,1903.030029,-1.665
2016-02-01,1939.380005,0.126
2016-01-29,1940.23999,2.441
2016-01-28,1893.359985,0.432
2016-01-27,1882.949951,-1.029
2016-01-26,1903.630005,1.322
2016-01-25,1877.079956,-1.532
2016-01-22,1906.900024,1.571
2016-01-21,1868.98999,0.405
2016-01-20,1859.329956,-0.898
2016-01-19,1881.329956,-0.388
2016-01-15,1880.329956,-1.897
2016-01-14,1921.839966,1.594
2016-01-13,1890.280029,-2.58
2016-01-12,1938.680054,0.563
2016-01-11,1923.670044,-0.127
2016-01-08,1922.030029,-1.23
2016-01-07,1943.089966,-2.127
2016-01-06,1990.26001,-1.066
2016-01-05,2016.709961,0.145
2016-01-04,2012.660034,-1.253
2015-12-31,2043.939941,-0.808
2015-12-30,2063.360107,-0.673
2015-12-29,2078.360107,0.865
2015-12-28,2056.5,-0.062
2015-12-24,2060.98999,-0.123
2015-12-23,2064.290039,1.082
